texture,rank,beta,alpha,max_iter,phase_iter,phase_method,sdr,sir,sar,mci,bark_entropy,reconstruction_error
polyphonic_choir,2,0,0.0,100,50,griffin_lim,2.8589687,2.8589687,2.8590262,-4.820154,0.07081853,3.5626855
polyphonic_choir,2,0,0.0,100,50,fast_griffin_lim,2.8589687,2.8589687,2.8590262,-4.820154,0.07081853,3.5626855
polyphonic_choir,2,0,0.0,300,50,griffin_lim,2.8757863,2.8757863,2.875846,-4.8076262,0.07081853,3.5508826
polyphonic_choir,2,0,0.0,300,50,fast_griffin_lim,2.8757863,2.8757863,2.875846,-4.8076262,0.07081853,3.5508826
polyphonic_choir,2,0,0.1,100,50,griffin_lim,2.8322766,2.8322766,2.8324094,-4.852292,0.07081853,3.7350538
polyphonic_choir,2,0,0.1,100,50,fast_griffin_lim,2.8322766,2.8322766,2.8324094,-4.852292,0.07081853,3.7350538
polyphonic_choir,2,0,0.1,300,50,griffin_lim,2.8695703,2.8695703,2.8697066,-4.8049974,0.07081853,3.7073936
polyphonic_choir,2,0,0.1,300,50,fast_griffin_lim,2.8695703,2.8695703,2.8697066,-4.8049974,0.07081853,3.7073936
polyphonic_choir,2,1,0.0,100,50,griffin_lim,2.8589687,2.8589687,2.8590262,-4.820154,0.07081853,3.5626855
polyphonic_choir,2,1,0.0,100,50,fast_griffin_lim,2.8589687,2.8589687,2.8590262,-4.820154,0.07081853,3.5626855
polyphonic_choir,2,1,0.0,300,50,griffin_lim,2.8757863,2.8757863,2.875846,-4.8076262,0.07081853,3.5508826
polyphonic_choir,2,1,0.0,300,50,fast_griffin_lim,2.8757863,2.8757863,2.875846,-4.8076262,0.07081853,3.5508826
polyphonic_choir,2,1,0.1,100,50,griffin_lim,2.8322766,2.8322766,2.8324094,-4.852292,0.07081853,3.7350538
polyphonic_choir,2,1,0.1,100,50,fast_griffin_lim,2.8322766,2.8322766,2.8324094,-4.852292,0.07081853,3.7350538
polyphonic_choir,2,1,0.1,300,50,griffin_lim,2.8695703,2.8695703,2.8697066,-4.8049974,0.07081853,3.7073936
polyphonic_choir,2,1,0.1,300,50,fast_griffin_lim,2.8695703,2.8695703,2.8697066,-4.8049974,0.07081853,3.7073936
polyphonic_choir,2,2,0.0,100,50,griffin_lim,3.4816027,3.4816027,3.481738,-3.0858252,0.07081853,3.1477842
polyphonic_choir,2,2,0.0,100,50,fast_griffin_lim,3.4816027,3.4816027,3.481738,-3.0858252,0.07081853,3.1477842
polyphonic_choir,2,2,0.0,300,50,griffin_lim,3.4816027,3.4816027,3.481738,-3.0858252,0.07081853,3.1477842
polyphonic_choir,2,2,0.0,300,50,fast_griffin_lim,3.4816027,3.4816027,3.481738,-3.0858252,0.07081853,3.1477842
polyphonic_choir,2,2,0.1,100,50,griffin_lim,3.4636326,3.4636326,3.4635804,1.8524176,0.07081853,3.1609385
polyphonic_choir,2,2,0.1,100,50,fast_griffin_lim,3.4636326,3.4636326,3.4635804,1.8524176,0.07081853,3.1609385
polyphonic_choir,2,2,0.1,300,50,griffin_lim,3.4637017,3.4637017,3.4636488,1.8450936,0.07081853,3.1609116
polyphonic_choir,2,2,0.1,300,50,fast_griffin_lim,3.4637017,3.4637017,3.4636488,1.8450936,0.07081853,3.1609116
polyphonic_choir,4,0,0.0,100,50,griffin_lim,4.5469604,4.5469604,4.5471087,-3.6350064,0.07081853,2.5312555
polyphonic_choir,4,0,0.0,100,50,fast_griffin_lim,4.5469604,4.5469604,4.5471087,-3.6350064,0.07081853,2.5312555
polyphonic_choir,4,0,0.0,300,50,griffin_lim,4.5469604,4.5469604,4.5471087,-3.6350064,0.07081853,2.5312555
polyphonic_choir,4,0,0.0,300,50,fast_griffin_lim,4.5469604,4.5469604,4.5471087,-3.6350064,0.07081853,2.5312555
polyphonic_choir,4,0,0.1,100,50,griffin_lim,4.135239,4.135239,4.1353664,-3.8041136,0.07081853,3.0236127
polyphonic_choir,4,0,0.1,100,50,fast_griffin_lim,4.135239,4.135239,4.1353664,-3.8041136,0.07081853,3.0236127
polyphonic_choir,4,0,0.1,300,50,griffin_lim,4.135239,4.135239,4.1353664,-3.8041136,0.07081853,3.0236127
polyphonic_choir,4,0,0.1,300,50,fast_griffin_lim,4.135239,4.135239,4.1353664,-3.8041136,0.07081853,3.0236127
polyphonic_choir,4,1,0.0,100,50,griffin_lim,4.5469604,4.5469604,4.5471087,-3.6350064,0.07081853,2.5312555
polyphonic_choir,4,1,0.0,100,50,fast_griffin_lim,4.5469604,4.5469604,4.5471087,-3.6350064,0.07081853,2.5312555
polyphonic_choir,4,1,0.0,300,50,griffin_lim,4.5469604,4.5469604,4.5471087,-3.6350064,0.07081853,2.5312555
polyphonic_choir,4,1,0.0,300,50,fast_griffin_lim,4.5469604,4.5469604,4.5471087,-3.6350064,0.07081853,2.5312555
polyphonic_choir,4,1,0.1,100,50,griffin_lim,4.135239,4.135239,4.1353664,-3.8041136,0.07081853,3.0236127
polyphonic_choir,4,1,0.1,100,50,fast_griffin_lim,4.135239,4.135239,4.1353664,-3.8041136,0.07081853,3.0236127
polyphonic_choir,4,1,0.1,300,50,griffin_lim,4.135239,4.135239,4.1353664,-3.8041136,0.07081853,3.0236127
polyphonic_choir,4,1,0.1,300,50,fast_griffin_lim,4.135239,4.135239,4.1353664,-3.8041136,0.07081853,3.0236127
polyphonic_choir,4,2,0.0,100,50,griffin_lim,5.0111275,5.0111275,5.0113173,-2.9932256,0.07081853,2.2963378
polyphonic_choir,4,2,0.0,100,50,fast_griffin_lim,5.0111275,5.0111275,5.0113173,-2.9932256,0.07081853,2.2963378
polyphonic_choir,4,2,0.0,300,50,griffin_lim,5.0123787,5.0123787,5.0125713,-2.9263806,0.07081853,2.2957323
polyphonic_choir,4,2,0.0,300,50,fast_griffin_lim,5.0123787,5.0123787,5.0125713,-2.9263806,0.07081853,2.2957323
polyphonic_choir,4,2,0.1,100,50,griffin_lim,4.969354,4.969354,4.969308,2.8487127,0.07081853,2.319584
polyphonic_choir,4,2,0.1,100,50,fast_griffin_lim,4.969354,4.969354,4.969308,2.8487127,0.07081853,2.319584
polyphonic_choir,4,2,0.1,300,50,griffin_lim,4.988136,4.988136,4.9880905,2.8359418,0.07081853,2.310447
polyphonic_choir,4,2,0.1,300,50,fast_griffin_lim,4.988136,4.988136,4.9880905,2.8359418,0.07081853,2.310447
polyphonic_choir,8,0,0.0,100,50,griffin_lim,6.350361,6.350361,6.3505173,-2.637154,0.07081853,1.7253201
polyphonic_choir,8,0,0.0,100,50,fast_griffin_lim,6.350361,6.350361,6.3505173,-2.637154,0.07081853,1.7253201
polyphonic_choir,8,0,0.0,300,50,griffin_lim,6.3933396,6.3933396,6.393495,-2.6271245,0.07081853,1.7093611
polyphonic_choir,8,0,0.0,300,50,fast_griffin_lim,6.3933396,6.3933396,6.393495,-2.6271245,0.07081853,1.7093611
polyphonic_choir,8,0,0.1,100,50,griffin_lim,4.702461,4.702461,4.702616,-3.3586633,0.07081853,2.8280714
polyphonic_choir,8,0,0.1,100,50,fast_griffin_lim,4.702461,4.702461,4.702616,-3.3586633,0.07081853,2.8280714
polyphonic_choir,8,0,0.1,300,50,griffin_lim,4.702461,4.702461,4.702616,-3.3586633,0.07081853,2.8280714
polyphonic_choir,8,0,0.1,300,50,fast_griffin_lim,4.702461,4.702461,4.702616,-3.3586633,0.07081853,2.8280714
polyphonic_choir,8,1,0.0,100,50,griffin_lim,6.350361,6.350361,6.3505173,-2.637154,0.07081853,1.7253201
polyphonic_choir,8,1,0.0,100,50,fast_griffin_lim,6.350361,6.350361,6.3505173,-2.637154,0.07081853,1.7253201
polyphonic_choir,8,1,0.0,300,50,griffin_lim,6.3933396,6.3933396,6.393495,-2.6271245,0.07081853,1.7093611
polyphonic_choir,8,1,0.0,300,50,fast_griffin_lim,6.3933396,6.3933396,6.393495,-2.6271245,0.07081853,1.7093611
polyphonic_choir,8,1,0.1,100,50,griffin_lim,4.702461,4.702461,4.702616,-3.3586633,0.07081853,2.8280714
polyphonic_choir,8,1,0.1,100,50,fast_griffin_lim,4.702461,4.702461,4.702616,-3.3586633,0.07081853,2.8280714
polyphonic_choir,8,1,0.1,300,50,griffin_lim,4.702461,4.702461,4.702616,-3.3586633,0.07081853,2.8280714
polyphonic_choir,8,1,0.1,300,50,fast_griffin_lim,4.702461,4.702461,4.702616,-3.3586633,0.07081853,2.8280714
polyphonic_choir,8,2,0.0,100,50,griffin_lim,7.6216125,7.6216125,7.621772,-2.3407278,0.07081853,1.3075794
polyphonic_choir,8,2,0.0,100,50,fast_griffin_lim,7.6216125,7.6216125,7.621772,-2.3407278,0.07081853,1.3075794
polyphonic_choir,8,2,0.0,300,50,griffin_lim,7.621615,7.621615,7.6217737,-2.3408227,0.07081853,1.3075788
polyphonic_choir,8,2,0.0,300,50,fast_griffin_lim,7.621615,7.621615,7.6217737,-2.3408227,0.07081853,1.3075788
polyphonic_choir,8,2,0.1,100,50,griffin_lim,7.4989977,7.4989977,7.498947,4.275396,0.07081853,1.3482224
polyphonic_choir,8,2,0.1,100,50,fast_griffin_lim,7.4989977,7.4989977,7.498947,4.275396,0.07081853,1.3482224
polyphonic_choir,8,2,0.1,300,50,griffin_lim,7.49841,7.49841,7.4983587,4.2837973,0.07081853,1.3484111
polyphonic_choir,8,2,0.1,300,50,fast_griffin_lim,7.49841,7.49841,7.4983587,4.2837973,0.07081853,1.3484111
polyphonic_choir,16,0,0.0,100,50,griffin_lim,8.464481,8.464481,8.4646,-1.9446089,0.07081853,1.0861961
polyphonic_choir,16,0,0.0,100,50,fast_griffin_lim,8.464481,8.464481,8.4646,-1.9446089,0.07081853,1.0861961
polyphonic_choir,16,0,0.0,300,50,griffin_lim,8.674823,8.674823,8.674935,-1.8401203,0.07081853,1.0362703
polyphonic_choir,16,0,0.0,300,50,fast_griffin_lim,8.674823,8.674823,8.674935,-1.8401203,0.07081853,1.0362703
polyphonic_choir,16,0,0.1,100,50,griffin_lim,4.6183305,4.6183305,4.6184883,-3.1359382,0.07081853,2.854311
polyphonic_choir,16,0,0.1,100,50,fast_griffin_lim,4.6183305,4.6183305,4.6184883,-3.1359382,0.07081853,2.854311
polyphonic_choir,16,0,0.1,300,50,griffin_lim,4.6183305,4.6183305,4.6184883,-3.1359382,0.07081853,2.854311
polyphonic_choir,16,0,0.1,300,50,fast_griffin_lim,4.6183305,4.6183305,4.6184883,-3.1359382,0.07081853,2.854311
polyphonic_choir,16,1,0.0,100,50,griffin_lim,8.464481,8.464481,8.4646,-1.9446089,0.07081853,1.0861961
polyphonic_choir,16,1,0.0,100,50,fast_griffin_lim,8.464481,8.464481,8.4646,-1.9446089,0.07081853,1.0861961
polyphonic_choir,16,1,0.0,300,50,griffin_lim,8.674823,8.674823,8.674935,-1.8401203,0.07081853,1.0362703
polyphonic_choir,16,1,0.0,300,50,fast_griffin_lim,8.674823,8.674823,8.674935,-1.8401203,0.07081853,1.0362703
polyphonic_choir,16,1,0.1,100,50,griffin_lim,4.6183305,4.6183305,4.6184883,-3.1359382,0.07081853,2.854311
polyphonic_choir,16,1,0.1,100,50,fast_griffin_lim,4.6183305,4.6183305,4.6184883,-3.1359382,0.07081853,2.854311
polyphonic_choir,16,1,0.1,300,50,griffin_lim,4.6183305,4.6183305,4.6184883,-3.1359382,0.07081853,2.854311
polyphonic_choir,16,1,0.1,300,50,fast_griffin_lim,4.6183305,4.6183305,4.6184883,-3.1359382,0.07081853,2.854311
polyphonic_choir,16,2,0.0,100,50,griffin_lim,10.546159,10.546159,10.546305,-2.0282803,0.07081853,0.6815922
polyphonic_choir,16,2,0.0,100,50,fast_griffin_lim,10.546159,10.546159,10.546305,-2.0282803,0.07081853,0.6815922
polyphonic_choir,16,2,0.0,300,50,griffin_lim,10.565864,10.565864,10.56601,-2.0041,0.07081853,0.67857563
polyphonic_choir,16,2,0.0,300,50,fast_griffin_lim,10.565864,10.565864,10.56601,-2.0041,0.07081853,0.67857563
polyphonic_choir,16,2,0.1,100,50,griffin_lim,9.186903,9.186903,9.186849,5.295528,0.07081853,0.9316802
polyphonic_choir,16,2,0.1,100,50,fast_griffin_lim,9.186903,9.186903,9.186849,5.295528,0.07081853,0.9316802
polyphonic_choir,16,2,0.1,300,50,griffin_lim,9.194278,9.194278,9.194223,5.255954,0.07081853,0.93011653
polyphonic_choir,16,2,0.1,300,50,fast_griffin_lim,9.194278,9.194278,9.194223,5.255954,0.07081853,0.93011653
rainforest,2,0,0.0,100,50,griffin_lim,21.116577,21.116577,21.116611,-1.3217793,0.1633431,0.12078303
rainforest,2,0,0.0,100,50,fast_griffin_lim,21.116577,21.116577,21.116611,-1.3217793,0.1633431,0.12078303
rainforest,2,0,0.0,300,50,griffin_lim,21.116577,21.116577,21.116611,-1.3217793,0.1633431,0.12078303
rainforest,2,0,0.0,300,50,fast_griffin_lim,21.116577,21.116577,21.116611,-1.3217793,0.1633431,0.12078303
rainforest,2,0,0.1,100,50,griffin_lim,21.069061,21.069061,21.069122,-2.8617208,0.1633431,1.8960994
rainforest,2,0,0.1,100,50,fast_griffin_lim,21.069061,21.069061,21.069122,-2.8617208,0.1633431,1.8960994
rainforest,2,0,0.1,300,50,griffin_lim,21.069061,21.069061,21.069122,-2.8617208,0.1633431,1.8960994
rainforest,2,0,0.1,300,50,fast_griffin_lim,21.069061,21.069061,21.069122,-2.8617208,0.1633431,1.8960994
rainforest,2,1,0.0,100,50,griffin_lim,21.116577,21.116577,21.116611,-1.3217793,0.1633431,0.12078303
rainforest,2,1,0.0,100,50,fast_griffin_lim,21.116577,21.116577,21.116611,-1.3217793,0.1633431,0.12078303
rainforest,2,1,0.0,300,50,griffin_lim,21.116577,21.116577,21.116611,-1.3217793,0.1633431,0.12078303
rainforest,2,1,0.0,300,50,fast_griffin_lim,21.116577,21.116577,21.116611,-1.3217793,0.1633431,0.12078303
rainforest,2,1,0.1,100,50,griffin_lim,21.069061,21.069061,21.069122,-2.8617208,0.1633431,1.8960994
rainforest,2,1,0.1,100,50,fast_griffin_lim,21.069061,21.069061,21.069122,-2.8617208,0.1633431,1.8960994
rainforest,2,1,0.1,300,50,griffin_lim,21.069061,21.069061,21.069122,-2.8617208,0.1633431,1.8960994
rainforest,2,1,0.1,300,50,fast_griffin_lim,21.069061,21.069061,21.069122,-2.8617208,0.1633431,1.8960994
rainforest,2,2,0.0,100,50,griffin_lim,22.53302,22.53302,22.533062,3.7176197,0.1633431,0.08714085
rainforest,2,2,0.0,100,50,fast_griffin_lim,22.53302,22.53302,22.533062,3.7176197,0.1633431,0.08714085
rainforest,2,2,0.0,300,50,griffin_lim,22.535355,22.535355,22.535397,3.684945,0.1633431,0.08709409
rainforest,2,2,0.0,300,50,fast_griffin_lim,22.535355,22.535355,22.535397,3.684945,0.1633431,0.08709409
rainforest,2,2,0.1,100,50,griffin_lim,21.282127,21.282127,21.281918,39.042397,0.1633431,0.116285086
rainforest,2,2,0.1,100,50,fast_griffin_lim,21.282127,21.282127,21.281918,39.042397,0.1633431,0.116285086
rainforest,2,2,0.1,300,50,griffin_lim,21.25365,21.25365,21.253437,40.292778,0.1633431,0.117018856
rainforest,2,2,0.1,300,50,fast_griffin_lim,21.25365,21.25365,21.253437,40.292778,0.1633431,0.117018856
rainforest,4,0,0.0,100,50,griffin_lim,22.198229,22.198229,22.19828,-1.2017536,0.1633431,0.09416846
rainforest,4,0,0.0,100,50,fast_griffin_lim,22.198229,22.198229,22.19828,-1.2017536,0.1633431,0.09416846
rainforest,4,0,0.0,300,50,griffin_lim,24.453526,24.453526,24.453571,-1.0939766,0.1633431,0.056031696
rainforest,4,0,0.0,300,50,fast_griffin_lim,24.453526,24.453526,24.453571,-1.0939766,0.1633431,0.056031696
rainforest,4,0,0.1,100,50,griffin_lim,19.422243,19.422243,19.422295,-2.5676167,0.1633431,1.6488546
rainforest,4,0,0.1,100,50,fast_griffin_lim,19.422243,19.422243,19.422295,-2.5676167,0.1633431,1.6488546
rainforest,4,0,0.1,300,50,griffin_lim,19.422243,19.422243,19.422295,-2.5676167,0.1633431,1.6488546
rainforest,4,0,0.1,300,50,fast_griffin_lim,19.422243,19.422243,19.422295,-2.5676167,0.1633431,1.6488546
rainforest,4,1,0.0,100,50,griffin_lim,22.198229,22.198229,22.19828,-1.2017536,0.1633431,0.09416846
rainforest,4,1,0.0,100,50,fast_griffin_lim,22.198229,22.198229,22.19828,-1.2017536,0.1633431,0.09416846
rainforest,4,1,0.0,300,50,griffin_lim,24.453526,24.453526,24.453571,-1.0939766,0.1633431,0.056031696
rainforest,4,1,0.0,300,50,fast_griffin_lim,24.453526,24.453526,24.453571,-1.0939766,0.1633431,0.056031696
rainforest,4,1,0.1,100,50,griffin_lim,19.422243,19.422243,19.422295,-2.5676167,0.1633431,1.6488546
rainforest,4,1,0.1,100,50,fast_griffin_lim,19.422243,19.422243,19.422295,-2.5676167,0.1633431,1.6488546
rainforest,4,1,0.1,300,50,griffin_lim,19.422243,19.422243,19.422295,-2.5676167,0.1633431,1.6488546
rainforest,4,1,0.1,300,50,fast_griffin_lim,19.422243,19.422243,19.422295,-2.5676167,0.1633431,1.6488546
rainforest,4,2,0.0,100,50,griffin_lim,26.920685,26.920685,26.92072,-0.9591164,0.1633431,0.031757172
rainforest,4,2,0.0,100,50,fast_griffin_lim,26.920685,26.920685,26.92072,-0.9591164,0.1633431,0.031757172
rainforest,4,2,0.0,300,50,griffin_lim,26.98053,26.98053,26.98056,-0.96378905,0.1633431,0.03132276
rainforest,4,2,0.0,300,50,fast_griffin_lim,26.98053,26.98053,26.98056,-0.96378905,0.1633431,0.03132276
rainforest,4,2,0.1,100,50,griffin_lim,21.240906,21.240906,21.240694,40.77726,0.1633431,0.11735294
rainforest,4,2,0.1,100,50,fast_griffin_lim,21.240906,21.240906,21.240694,40.77726,0.1633431,0.11735294
rainforest,4,2,0.1,300,50,griffin_lim,21.229332,21.229332,21.229116,41.1866,0.1633431,0.1176584
rainforest,4,2,0.1,300,50,fast_griffin_lim,21.229332,21.229332,21.229116,41.1866,0.1633431,0.1176584
rainforest,8,0,0.0,100,50,griffin_lim,27.014807,27.014807,27.014845,-1.005083,0.1633431,0.031083582
rainforest,8,0,0.0,100,50,fast_griffin_lim,27.014807,27.014807,27.014845,-1.005083,0.1633431,0.031083582
rainforest,8,0,0.0,300,50,griffin_lim,27.037466,27.037466,27.037506,-0.99588513,0.1633431,0.030922132
rainforest,8,0,0.0,300,50,fast_griffin_lim,27.037466,27.037466,27.037506,-0.99588513,0.1633431,0.030922132
rainforest,8,0,0.1,100,50,griffin_lim,21.07306,21.07306,21.073116,-2.7143967,0.1633431,1.7129955
rainforest,8,0,0.1,100,50,fast_griffin_lim,21.07306,21.07306,21.073116,-2.7143967,0.1633431,1.7129955
rainforest,8,0,0.1,300,50,griffin_lim,21.07306,21.07306,21.073116,-2.7143967,0.1633431,1.7129955
rainforest,8,0,0.1,300,50,fast_griffin_lim,21.07306,21.07306,21.073116,-2.7143967,0.1633431,1.7129955
rainforest,8,1,0.0,100,50,griffin_lim,27.014807,27.014807,27.014845,-1.005083,0.1633431,0.031083582
rainforest,8,1,0.0,100,50,fast_griffin_lim,27.014807,27.014807,27.014845,-1.005083,0.1633431,0.031083582
rainforest,8,1,0.0,300,50,griffin_lim,27.037466,27.037466,27.037506,-0.99588513,0.1633431,0.030922132
rainforest,8,1,0.0,300,50,fast_griffin_lim,27.037466,27.037466,27.037506,-0.99588513,0.1633431,0.030922132
rainforest,8,1,0.1,100,50,griffin_lim,21.07306,21.07306,21.073116,-2.7143967,0.1633431,1.7129955
rainforest,8,1,0.1,100,50,fast_griffin_lim,21.07306,21.07306,21.073116,-2.7143967,0.1633431,1.7129955
rainforest,8,1,0.1,300,50,griffin_lim,21.07306,21.07306,21.073116,-2.7143967,0.1633431,1.7129955
rainforest,8,1,0.1,300,50,fast_griffin_lim,21.07306,21.07306,21.073116,-2.7143967,0.1633431,1.7129955
rainforest,8,2,0.0,100,50,griffin_lim,27.762358,27.762358,27.762394,-0.9269296,0.1633431,0.026165104
rainforest,8,2,0.0,100,50,fast_griffin_lim,27.762358,27.762358,27.762394,-0.9269296,0.1633431,0.026165104
rainforest,8,2,0.0,300,50,griffin_lim,27.859013,27.859013,27.859047,-0.9253759,0.1633431,0.02558888
rainforest,8,2,0.0,300,50,fast_griffin_lim,27.859013,27.859013,27.859047,-0.9253759,0.1633431,0.02558888
rainforest,8,2,0.1,100,50,griffin_lim,21.187115,21.187115,21.186897,42.505215,0.1633431,0.11878701
rainforest,8,2,0.1,100,50,fast_griffin_lim,21.187115,21.187115,21.186897,42.505215,0.1633431,0.11878701
rainforest,8,2,0.1,300,50,griffin_lim,21.200323,21.200323,21.200106,42.11648,0.1633431,0.11843185
rainforest,8,2,0.1,300,50,fast_griffin_lim,21.200323,21.200323,21.200106,42.11648,0.1633431,0.11843185
rainforest,16,0,0.0,100,50,griffin_lim,27.747133,27.747133,27.747173,-0.9161327,0.1633431,0.026277013
rainforest,16,0,0.0,100,50,fast_griffin_lim,27.747133,27.747133,27.747173,-0.9161327,0.1633431,0.026277013
rainforest,16,0,0.0,300,50,griffin_lim,28.066986,28.066986,28.06702,-0.8703136,0.1633431,0.024398405
rainforest,16,0,0.0,300,50,fast_griffin_lim,28.066986,28.066986,28.06702,-0.8703136,0.1633431,0.024398405
rainforest,16,0,0.1,100,50,griffin_lim,21.119152,21.119152,21.119204,-2.3695965,0.1633431,1.5204581
rainforest,16,0,0.1,100,50,fast_griffin_lim,21.119152,21.119152,21.119204,-2.3695965,0.1633431,1.5204581
rainforest,16,0,0.1,300,50,griffin_lim,21.119152,21.119152,21.119204,-2.3695965,0.1633431,1.5204581
rainforest,16,0,0.1,300,50,fast_griffin_lim,21.119152,21.119152,21.119204,-2.3695965,0.1633431,1.5204581
rainforest,16,1,0.0,100,50,griffin_lim,27.747133,27.747133,27.747173,-0.9161327,0.1633431,0.026277013
rainforest,16,1,0.0,100,50,fast_griffin_lim,27.747133,27.747133,27.747173,-0.9161327,0.1633431,0.026277013
rainforest,16,1,0.0,300,50,griffin_lim,28.066986,28.066986,28.06702,-0.8703136,0.1633431,0.024398405
rainforest,16,1,0.0,300,50,fast_griffin_lim,28.066986,28.066986,28.06702,-0.8703136,0.1633431,0.024398405
rainforest,16,1,0.1,100,50,griffin_lim,21.119152,21.119152,21.119204,-2.3695965,0.1633431,1.5204581
rainforest,16,1,0.1,100,50,fast_griffin_lim,21.119152,21.119152,21.119204,-2.3695965,0.1633431,1.5204581
rainforest,16,1,0.1,300,50,griffin_lim,21.119152,21.119152,21.119204,-2.3695965,0.1633431,1.5204581
rainforest,16,1,0.1,300,50,fast_griffin_lim,21.119152,21.119152,21.119204,-2.3695965,0.1633431,1.5204581
rainforest,16,2,0.0,100,50,griffin_lim,28.84611,28.84611,28.846146,-0.8498991,0.1633431,0.02038868
rainforest,16,2,0.0,100,50,fast_griffin_lim,28.84611,28.84611,28.846146,-0.8498991,0.1633431,0.02038868
rainforest,16,2,0.0,300,50,griffin_lim,28.985695,28.985695,28.985731,-0.8540274,0.1633431,0.019743487
rainforest,16,2,0.0,300,50,fast_griffin_lim,28.985695,28.985695,28.985731,-0.8540274,0.1633431,0.019743487
rainforest,16,2,0.1,100,50,griffin_lim,21.132318,21.132318,21.132097,43.895073,0.1633431,0.120276816
rainforest,16,2,0.1,100,50,fast_griffin_lim,21.132318,21.132318,21.132097,43.895073,0.1633431,0.120276816
rainforest,16,2,0.1,300,50,griffin_lim,21.17134,21.17134,21.171122,42.937492,0.1633431,0.11921317
rainforest,16,2,0.1,300,50,fast_griffin_lim,21.17134,21.17134,21.171122,42.937492,0.1633431,0.11921317
reverberant_speech,2,0,0.0,100,50,griffin_lim,3.3524237,3.3524237,3.3524551,-2.927194,0.035953607,3.2944076
reverberant_speech,2,0,0.0,100,50,fast_griffin_lim,3.3524237,3.3524237,3.3524551,-2.927194,0.035953607,3.2944076
reverberant_speech,2,0,0.0,300,50,griffin_lim,3.3524237,3.3524237,3.3524551,-2.927194,0.035953607,3.2944076
reverberant_speech,2,0,0.0,300,50,fast_griffin_lim,3.3524237,3.3524237,3.3524551,-2.927194,0.035953607,3.2944076
reverberant_speech,2,0,0.1,100,50,griffin_lim,3.3467894,3.3467894,3.3467927,-2.9425344,0.035953607,3.4102266
reverberant_speech,2,0,0.1,100,50,fast_griffin_lim,3.3467894,3.3467894,3.3467927,-2.9425344,0.035953607,3.4102266
reverberant_speech,2,0,0.1,300,50,griffin_lim,3.3467894,3.3467894,3.3467927,-2.9425344,0.035953607,3.4102266
reverberant_speech,2,0,0.1,300,50,fast_griffin_lim,3.3467894,3.3467894,3.3467927,-2.9425344,0.035953607,3.4102266
reverberant_speech,2,1,0.0,100,50,griffin_lim,3.3524237,3.3524237,3.3524551,-2.927194,0.035953607,3.2944076
reverberant_speech,2,1,0.0,100,50,fast_griffin_lim,3.3524237,3.3524237,3.3524551,-2.927194,0.035953607,3.2944076
reverberant_speech,2,1,0.0,300,50,griffin_lim,3.3524237,3.3524237,3.3524551,-2.927194,0.035953607,3.2944076
reverberant_speech,2,1,0.0,300,50,fast_griffin_lim,3.3524237,3.3524237,3.3524551,-2.927194,0.035953607,3.2944076
reverberant_speech,2,1,0.1,100,50,griffin_lim,3.3467894,3.3467894,3.3467927,-2.9425344,0.035953607,3.4102266
reverberant_speech,2,1,0.1,100,50,fast_griffin_lim,3.3467894,3.3467894,3.3467927,-2.9425344,0.035953607,3.4102266
reverberant_speech,2,1,0.1,300,50,griffin_lim,3.3467894,3.3467894,3.3467927,-2.9425344,0.035953607,3.4102266
reverberant_speech,2,1,0.1,300,50,fast_griffin_lim,3.3467894,3.3467894,3.3467927,-2.9425344,0.035953607,3.4102266
reverberant_speech,2,2,0.0,100,50,griffin_lim,4.058485,4.058485,4.058522,-2.7214642,0.035953607,2.8548763
reverberant_speech,2,2,0.0,100,50,fast_griffin_lim,4.058485,4.058485,4.058522,-2.7214642,0.035953607,2.8548763
reverberant_speech,2,2,0.0,300,50,griffin_lim,4.058485,4.058485,4.058522,-2.7214642,0.035953607,2.8548763
reverberant_speech,2,2,0.0,300,50,fast_griffin_lim,4.058485,4.058485,4.058522,-2.7214642,0.035953607,2.8548763
reverberant_speech,2,2,0.1,100,50,griffin_lim,4.0156984,4.0156984,4.015645,0.12520951,0.035953607,2.8820992
reverberant_speech,2,2,0.1,100,50,fast_griffin_lim,4.0156984,4.0156984,4.015645,0.12520951,0.035953607,2.8820992
reverberant_speech,2,2,0.1,300,50,griffin_lim,4.0140924,4.0140924,4.014036,0.12605312,0.035953607,2.882984
reverberant_speech,2,2,0.1,300,50,fast_griffin_lim,4.0140924,4.0140924,4.014036,0.12605312,0.035953607,2.882984
reverberant_speech,4,0,0.0,100,50,griffin_lim,4.69289,4.69289,4.69293,-2.5423415,0.035953607,2.507785
reverberant_speech,4,0,0.0,100,50,fast_griffin_lim,4.69289,4.69289,4.69293,-2.5423415,0.035953607,2.507785
reverberant_speech,4,0,0.0,300,50,griffin_lim,4.9880223,4.9880223,4.988057,-2.4988623,0.035953607,2.3566613
reverberant_speech,4,0,0.0,300,50,fast_griffin_lim,4.9880223,4.9880223,4.988057,-2.4988623,0.035953607,2.3566613
reverberant_speech,4,0,0.1,100,50,griffin_lim,3.761822,3.761822,3.7618303,-3.0069597,0.035953607,3.2437704
reverberant_speech,4,0,0.1,100,50,fast_griffin_lim,3.761822,3.761822,3.7618303,-3.0069597,0.035953607,3.2437704
reverberant_speech,4,0,0.1,300,50,griffin_lim,3.761822,3.761822,3.7618303,-3.0069597,0.035953607,3.2437704
reverberant_speech,4,0,0.1,300,50,fast_griffin_lim,3.761822,3.761822,3.7618303,-3.0069597,0.035953607,3.2437704
reverberant_speech,4,1,0.0,100,50,griffin_lim,4.69289,4.69289,4.69293,-2.5423415,0.035953607,2.507785
reverberant_speech,4,1,0.0,100,50,fast_griffin_lim,4.69289,4.69289,4.69293,-2.5423415,0.035953607,2.507785
reverberant_speech,4,1,0.0,300,50,griffin_lim,4.9880223,4.9880223,4.988057,-2.4988623,0.035953607,2.3566613
reverberant_speech,4,1,0.0,300,50,fast_griffin_lim,4.9880223,4.9880223,4.988057,-2.4988623,0.035953607,2.3566613
reverberant_speech,4,1,0.1,100,50,griffin_lim,3.761822,3.761822,3.7618303,-3.0069597,0.035953607,3.2437704
reverberant_speech,4,1,0.1,100,50,fast_griffin_lim,3.761822,3.761822,3.7618303,-3.0069597,0.035953607,3.2437704
reverberant_speech,4,1,0.1,300,50,griffin_lim,3.761822,3.761822,3.7618303,-3.0069597,0.035953607,3.2437704
reverberant_speech,4,1,0.1,300,50,fast_griffin_lim,3.761822,3.761822,3.7618303,-3.0069597,0.035953607,3.2437704
reverberant_speech,4,2,0.0,100,50,griffin_lim,5.931691,5.931691,5.931737,-2.357935,0.035953607,1.9254216
reverberant_speech,4,2,0.0,100,50,fast_griffin_lim,5.931691,5.931691,5.931737,-2.357935,0.035953607,1.9254216
reverberant_speech,4,2,0.0,300,50,griffin_lim,5.931691,5.931691,5.931737,-2.357935,0.035953607,1.9254216
reverberant_speech,4,2,0.0,300,50,fast_griffin_lim,5.931691,5.931691,5.931737,-2.357935,0.035953607,1.9254216
reverberant_speech,4,2,0.1,100,50,griffin_lim,5.85061,5.85061,5.8505554,0.9512815,0.035953607,1.962552
reverberant_speech,4,2,0.1,100,50,fast_griffin_lim,5.85061,5.85061,5.8505554,0.9512815,0.035953607,1.962552
reverberant_speech,4,2,0.1,300,50,griffin_lim,5.85075,5.85075,5.850697,0.9501271,0.035953607,1.9624672
reverberant_speech,4,2,0.1,300,50,fast_griffin_lim,5.85075,5.85075,5.850697,0.9501271,0.035953607,1.9624672
reverberant_speech,8,0,0.0,100,50,griffin_lim,6.3373184,6.3373184,6.3373613,-2.1090367,0.035953607,1.7686244
reverberant_speech,8,0,0.0,100,50,fast_griffin_lim,6.3373184,6.3373184,6.3373613,-2.1090367,0.035953607,1.7686244
reverberant_speech,8,0,0.0,300,50,griffin_lim,6.62198,6.62198,6.622014,-2.036153,0.035953607,1.6609302
reverberant_speech,8,0,0.0,300,50,fast_griffin_lim,6.62198,6.62198,6.622014,-2.036153,0.035953607,1.6609302
reverberant_speech,8,0,0.1,100,50,griffin_lim,4.548056,4.548056,4.548065,-2.7377372,0.035953607,2.8592813
reverberant_speech,8,0,0.1,100,50,fast_griffin_lim,4.548056,4.548056,4.548065,-2.7377372,0.035953607,2.8592813
reverberant_speech,8,0,0.1,300,50,griffin_lim,4.548056,4.548056,4.548065,-2.7377372,0.035953607,2.8592813
reverberant_speech,8,0,0.1,300,50,fast_griffin_lim,4.548056,4.548056,4.548065,-2.7377372,0.035953607,2.8592813
reverberant_speech,8,1,0.0,100,50,griffin_lim,6.3373184,6.3373184,6.3373613,-2.1090367,0.035953607,1.7686244
reverberant_speech,8,1,0.0,100,50,fast_griffin_lim,6.3373184,6.3373184,6.3373613,-2.1090367,0.035953607,1.7686244
reverberant_speech,8,1,0.0,300,50,griffin_lim,6.62198,6.62198,6.622014,-2.036153,0.035953607,1.6609302
reverberant_speech,8,1,0.0,300,50,fast_griffin_lim,6.62198,6.62198,6.622014,-2.036153,0.035953607,1.6609302
reverberant_speech,8,1,0.1,100,50,griffin_lim,4.548056,4.548056,4.548065,-2.7377372,0.035953607,2.8592813
reverberant_speech,8,1,0.1,100,50,fast_griffin_lim,4.548056,4.548056,4.548065,-2.7377372,0.035953607,2.8592813
reverberant_speech,8,1,0.1,300,50,griffin_lim,4.548056,4.548056,4.548065,-2.7377372,0.035953607,2.8592813
reverberant_speech,8,1,0.1,300,50,fast_griffin_lim,4.548056,4.548056,4.548065,-2.7377372,0.035953607,2.8592813
reverberant_speech,8,2,0.0,100,50,griffin_lim,7.4441147,7.4441147,7.4441547,-1.9342316,0.035953607,1.386437
reverberant_speech,8,2,0.0,100,50,fast_griffin_lim,7.4441147,7.4441147,7.4441547,-1.9342316,0.035953607,1.386437
reverberant_speech,8,2,0.0,300,50,griffin_lim,7.4441633,7.4441633,7.4442024,-1.9318452,0.035953607,1.3864222
reverberant_speech,8,2,0.0,300,50,fast_griffin_lim,7.4441633,7.4441633,7.4442024,-1.9318452,0.035953607,1.3864222
reverberant_speech,8,2,0.1,100,50,griffin_lim,7.1672287,7.1672287,7.167175,0.85342276,0.035953607,1.4783098
reverberant_speech,8,2,0.1,100,50,fast_griffin_lim,7.1672287,7.1672287,7.167175,0.85342276,0.035953607,1.4783098
reverberant_speech,8,2,0.1,300,50,griffin_lim,7.1676903,7.1676903,7.1676354,0.8543773,0.035953607,1.4781613
reverberant_speech,8,2,0.1,300,50,fast_griffin_lim,7.1676903,7.1676903,7.1676354,0.8543773,0.035953607,1.4781613
reverberant_speech,16,0,0.0,100,50,griffin_lim,8.247175,8.247175,8.247214,-1.6897513,0.035953607,1.1648607
reverberant_speech,16,0,0.0,100,50,fast_griffin_lim,8.247175,8.247175,8.247214,-1.6897513,0.035953607,1.1648607
reverberant_speech,16,0,0.0,300,50,griffin_lim,8.29991,8.29991,8.299941,-1.6660191,0.035953607,1.1509469
reverberant_speech,16,0,0.0,300,50,fast_griffin_lim,8.29991,8.29991,8.299941,-1.6660191,0.035953607,1.1509469
reverberant_speech,16,0,0.1,100,50,griffin_lim,4.0108833,4.0108833,4.010897,-3.2926996,0.035953607,3.1512675
reverberant_speech,16,0,0.1,100,50,fast_griffin_lim,4.0108833,4.0108833,4.010897,-3.2926996,0.035953607,3.1512675
reverberant_speech,16,0,0.1,300,50,griffin_lim,4.0108833,4.0108833,4.010897,-3.2926996,0.035953607,3.1512675
reverberant_speech,16,0,0.1,300,50,fast_griffin_lim,4.0108833,4.0108833,4.010897,-3.2926996,0.035953607,3.1512675
reverberant_speech,16,1,0.0,100,50,griffin_lim,8.247175,8.247175,8.247214,-1.6897513,0.035953607,1.1648607
reverberant_speech,16,1,0.0,100,50,fast_griffin_lim,8.247175,8.247175,8.247214,-1.6897513,0.035953607,1.1648607
reverberant_speech,16,1,0.0,300,50,griffin_lim,8.29991,8.29991,8.299941,-1.6660191,0.035953607,1.1509469
reverberant_speech,16,1,0.0,300,50,fast_griffin_lim,8.29991,8.29991,8.299941,-1.6660191,0.035953607,1.1509469
reverberant_speech,16,1,0.1,100,50,griffin_lim,4.0108833,4.0108833,4.010897,-3.2926996,0.035953607,3.1512675
reverberant_speech,16,1,0.1,100,50,fast_griffin_lim,4.0108833,4.0108833,4.010897,-3.2926996,0.035953607,3.1512675
reverberant_speech,16,1,0.1,300,50,griffin_lim,4.0108833,4.0108833,4.010897,-3.2926996,0.035953607,3.1512675
reverberant_speech,16,1,0.1,300,50,fast_griffin_lim,4.0108833,4.0108833,4.010897,-3.2926996,0.035953607,3.1512675
reverberant_speech,16,2,0.0,100,50,griffin_lim,9.70825,9.70825,9.708282,-1.6344726,0.035953607,0.8389355
reverberant_speech,16,2,0.0,100,50,fast_griffin_lim,9.70825,9.70825,9.708282,-1.6344726,0.035953607,0.8389355
reverberant_speech,16,2,0.0,300,50,griffin_lim,9.708645,9.708645,9.708675,-1.63485,0.035953607,0.8388615
reverberant_speech,16,2,0.0,300,50,fast_griffin_lim,9.708645,9.708645,9.708675,-1.63485,0.035953607,0.8388615
reverberant_speech,16,2,0.1,100,50,griffin_lim,8.31067,8.31067,8.310616,1.0817636,0.035953607,1.1525534
reverberant_speech,16,2,0.1,100,50,fast_griffin_lim,8.31067,8.31067,8.310616,1.0817636,0.035953607,1.1525534
reverberant_speech,16,2,0.1,300,50,griffin_lim,8.310792,8.310792,8.310738,1.0799321,0.035953607,1.1524743
reverberant_speech,16,2,0.1,300,50,fast_griffin_lim,8.310792,8.310792,8.310738,1.0799321,0.035953607,1.1524743
